sentence_id,word,cyrillic,cyrillic_saidova,gloss,my_gloss,id,error
0,w=oč'uXa,в=очIуха,в=очIуха,M=old,<m>>вочIуха<ADJ>,67652,
0,adami-Li,адами-лIи,адами-лIи,man-GEN,адами<NOUN>><gen>,66881,
0,Xabar,хабар,ххабар,tale,ххабар<NOUN>,73062,orph
0,s̄e=b=a,ссе=б=а,ссе=б=а,before=HPL,,,
0,ba=k'.a-bu,ба=кIва-бу,ба=кIва-бу,HPL=be.PST-PART,,,
0,adami-k-e:-Li,адами-к-е̄-лIи,адами-к-е̄-лIи,man-PL-OBLPL-INTER,адами<NOUN>><pl>><obl>><inter>,66881,
0,L'ant'i-łir-a-Li,кьантIилъир-а-лIи,кьантIилъир-а-лIи,brave-MASD-OBL-GEN,кьантIилъир<NOUN>><obl>><gen>,70737,
0,raq-alda-ruXu,рахъ-алда-руху,рахъ-алда-руху,side-PLACE-TRANS,рахъи<NOUN>><place>><trans>,72088,morph
1,bešenu-da,бешену-да,бешену-да,hundred-CARD,бешену<NUM>><card>,,
1,ł̄ik̄urula,лълъиккурула,лълъиккурула,over,,,
1,reši,реши,реши,year,реши<NOUN>,72202,
1,s̄e=b=a,ссе=б=а,ссе=б=а,before=HPL,,,
1,iL-i-č'u,илI-и-чIу,илI-и-чIу,we.INCL-OBL-CONT,илIе<PRON>><obl>><cont>,,
1,han-Li-ru,гьан-лIи-ру,гьан-лIи-ру,village-INTER-EL,гьани<NOUN>><inter>><elat>,68773,morph
1,Ridu-ru,гъиду-ру,гъиду-ру,Godoberi-EL,гъиду<NOUN>><el>,68568,abs
1,ma=n-ida,ма=н-ида,ма=н-ида,HPL=go-HAB,,,
1,ba=k'.-a-da,ба=кIв-а-да,ба=кIв-а-да,HPL=be.PST-CONV-COP,,,
1,čabqad,чабхъад,чабхъад,pillage,чабхъад<NOUN>,73758,abs
1,gurži,гуржи,гуржи,Georgia,гуржи<NOUN>,68406,abs
2,ho=b,гьо=б,гьо=б,that=N,гьо<PRON>><n>,,
2,zamana-Li,замана-лIи,замана-лIи,time-INTER,замана<NOUN>><inter>,69643,
2,suRraLi,сугъралIи,сугъралIи,Sogratl,сугъралIи<NOUN>,,abs
2,han-Li-s̄u,гьан-лIи-ссу,гьан-лIи-ссу,village-INTER-ATTR,гьани<NOUN>><inter>><attr>,68773,"morph, part"
2,adami,адами,адами,man,адами<NOUN>,66881,
2,wu=k'-a-da,ву=кI-а-да,ву=кI-а-да,M=be.PST-CONV-COP,,,
2,gurži,гуржи,гуржи,Georgia,гуржи<NOUN>,68406,abs
2,ma=n-aLa-bu-rdu,ма=н-алIа-бу-рду,ма=н-алIа-бу-рду,HPL=go-PRS-PART-OBL.HPL.GEN,,,
2,wani,вани,вани,leader,вани<NOUN>,68247,
3,ho-š̄-ti,гьо-щ-ти,гьо-щ-ти,he-OBL.M-ERG,гьо<PRON>><obl><m>><erg>,,
3,adami-ke-la,адами-ке-ла,адами-ке-ла,man-PL-AND,адами<NOUN>><pl>><and>,66881,
3,b=aš-al-u,б=аш-ал-у,б=аш-ал-у,HPL=be.gathered-CAUS-CONV,,,
3,hani-be-qi-ru,гьани-бе-хъи-ру,гьани-бе-хъи-ру,village-PL-AD-EL,гьани<NOUN>><pl>><ad>><elat>,68773,
3,ma=n-ida,ма=н-ида,ма=н-ида,HPL=go-HAB,,,
3,gurži,гуржи,гуржи,Georgia,гуржи<NOUN>,68406,abs
3,dãj,даᵸй,даᵸй,thing,даᵸйи<NOUN>,69423,apoc
3,b=uX-i,б=ух-и,б=ух-и,N=take.away-INF,,,
3,adami-ke,адами-ке,адами-ке,man-PL,адами<NOUN>><pl>,66881,
3,qam-i,хъам-и,хъам-и,abduct-INF,,,
3,adami-ke,адами-ке,адами-ке,man-PL,адами<NOUN>><pl>,66881,
3,raq'adara,ракъадара,ракъадара,back,,,
3,b=erš-ida,б=ерш-ида,б=ерш-ида,HPL=trade-HAB,,,
3,ba=k'.-a-da,ба=кIв-а-да,ба=кIв-а-да,HPL=be.PST-CONV-COP,,,
3,beče-łir-a-łi-qi,бечелъир-а-лъи-хъи,бечелъир-а-лъи-хъи,rich-MASD-OBL-DAT-AD,бечелъир<NOUN>><obl>><dat>><ad>,67621,morph
3,arsi-qi,арси-хъи,арси-хъи,money-AD,арси<NOUN>><ad>,66990,
3,misidi-qi,мисиди-хъи,мисиди-хъи,gold-AD,мисиди<NOUN>><ad>,71464,
3,purca-qi,пурц-а-хъи,пурцц-а-хъи,cattle-AD,пурцци<NOUN>><obl>><ad>,71977,orph
4,ho=b,гьо=б,гьо=б,that=N,гьо<PRON>><n>,,
4,zamana-Li,замана-лIи,замана-лIи,time-INTER,замана<NOUN>><inter>,69643,
4,ho-rdu-łi,гьо-рду-лъи,гьо-рду-лъи,he-OBL.HPL-DAT,гьо<PRON>><obl><h><pl>><dat>,,
4,sanu,сану,сану,together,,,
4,čabqad,чабхъад,чабхъад,on.pillage,чабхъад<NOUN>,73758,abs
4,ma=n-aL-a-wq'aLi,ма=н-алI-а-вкъалIи,ма=н-алI-а-вкъалIи,HPL=go-PRS-CONV-WHEN,,,
4,sanu,сану,сану,together,,,
4,wu=k'-a-da,ву=кI-а-да,ву=кI-а-да,M=be.PST-CONV-COP,,,
4,RebdiLi,гъебдилIи,гъибдилIи,Godoberian,гъибдилIи<NOUN>,68569,orph
4,ʕalik'ya-L'u,гIаликI'а-кьу,гIаликI'а-кьу,Alikja-CIT,гIаликI'а<NOUN>><cit>,,"abs, part"
4,hiL'-ata-bu,гьикь-ата-бу,гьикь-ата-бу,name-PRS-PART,,,
4,adami,адами,адами,man,адами<NOUN>,66881,
5,ʕalik'ya,гIаликI'а,гIаликI'а,Alikja,гIаликI'а<NOUN>,,abs
5,wu=k'-a-da,ву=кI-а-да,ву=кI-а-да,M=be.PST-CONV-COP,,,
5,L'ant'i,кьантIи,кьантIи,brave,кьантIи<ADJ>,70731,
5,adami,адами,адами,man,адами<NOUN>,66881,
6,ho=b=e,гьо=б=е,гьо=б=е,he=HPL=PL,гьо<PRON>><h><pl>,,
6,gurži(-Li),гуржи-лIи,гуржи-лIи,Georgia(-GEN),гуржи<NOUN>><gen>,68406,abs
6,ʕurqi-la,гIурхъи-ла,гIурхъи-ла,border-SUPER,гIурхъи<NOUN>><sup>,69400,
6,b=ac'-ã-wuq'aLi,б=ацI-аᵸ-вукъалIи,б=ацI-аᵸ-вукъалIи,HPL=reach.PST-CONV-WHEN,,,
6,k.aXt̄aLi-s̄u,квахтталIи-ссу,квахтталIи-ссу,Kwahidatli-ATTR,квахтталIи<NOUN>><attr>,,"abs, part"
6,adami,адами,адами,man,адами<NOUN>,66881,
6,musa-L'u,муса-кьу,муса-кьу,Musa-CIT,муса<NOUN>><cit>,,"abs, part"
6,hiL'i-bu,гьикьи-бу,гьикьи-бу,name.PST-PART,,,
6,ho=w=la,гьо=в=ла,гьо=в=ла,he=M=AND,гьо<PRON>><m>><and>,,
6,wu=k'-a-da,ву=кI-а-да,ву=кI-а-да,M=be.PST-CONV-COP,,,
6,ʕalik'ya-c̄imu-s̄u,гIаликI'а-цциму-ссу,гIаликI'а-цциму-ссу,Alikja-LIKE-ATTR,гIаликI'а<NOUN>><like>><cit>,,"abs, part"
6,L'ant'i,кьантIи,кьантIи,brave,кьантIи<ADJ>,70731,
6,adami,адами,адами,man,адами<NOUN>,66881,
7,ho=b=e,гьо=б=е,гьо=б=е,he-HPL-PL,гьо<PRON>><h><pl>,,
7,k'e-da-la,кIе-да-ла,кIе-да-ла,two-CARD-COLL,кIе<NUM>><card>><coll>,,
7,b=ešt-a-da,б=ешт-а-да,б=ешт-а-да,HPL=send.PST-CONV-COP,,,
7,ĩh-u-Li,иᵸгь-у-лIи,иᵸгь-у-лIи,group-OBL-GEN,иᵸгь<NOUN>><obl>><gen>,69742,abs
7,wani-di,вани-ди,вани-ди,leader-ERG,вани<NOUN>><erg>,68247,morph
7,c'eX-ĩ=reX-i,цIех-иᵸ=рех-и,цIех-иᵸ=рех-и,look.for-INF=look.for-INF,,,
7,ĩh-i,иᵸгь-и,иᵸгь-и,do-INF,,,
7,is̄ibala-s̄u,иссибала-ссу,иссибала-ссу,near-ATTR,,,
7,han-Li,гьан-лIи,гьан-лIи,village-INTER,гьани<NOUN>><inter>,68773,morph
8,ho=b,гьо=б,гьо=б,that=N,гьо<PRON>><n>,,
8,zaman,заман,заман,time,замана<NOUN>,69643,apoc
8,bu=k'-a-da,бу=кI-а-да,бу=кI-а-да,N=be.PST-CONV-COP,,,
8,reładi-s̄u,релъади-ссу,релъади-ссу,at.night-ATTR,релъа<NOUN>><erg>><attr>,72154,part
8,zamana,замана,замана,time,замана<NOUN>,69643,
9,ha=b=e,гьа=б=е,гьа=б=е,this=HPL=PL,гьа<PRON>><h><pl>,,
9,k'e-da-la,кIе-да-ла,кIе-да-ла,two-CARD-COLL,кIе<NUM>><card>><coll>,,
9,han-Li,гьан-лIи,гьан-лIи,village-INTER,гьани<NOUN>><inter>,68773,morph
9,b=ac'-ã-wq'aLi,б=ацI-аᵸ-вкъалIи,б=ацI-аᵸ-вкъалIи,HPL=reach.PST-CONV-WHEN,,,
9,han-Li,гьан-лIи,гьан-лIи,village-INTER,гьани<NOUN>><inter>,68773,morph
9,ceHe=b,цехIе=б,цехIе=б,no.one=HPL,,,
9,č'iHi,чIихIи,чIихIи,nobody/nothing,,,
9,adami-k-e:-Li,адами-к-е̄-лIи,адами-к-е̄-лIи,man-PL-OBLPL-INTER,адами<NOUN>><pl>><obl>><inter>,66881,
9,ba=k'-uč'-a-da,ба=кI-учI-а-да,ба=кI-учI-а-да,HPL=be.PST-NEG-CONV-COP,,,
9,b=is-inč'-a-da,б=ис-инчI-а-да,б=ис-инчI-а-да,HPL=find.PST-NEG-CONV-COP,,,
10,t'orda,тIорда,тIорда,UQI,тIорда<PRON>,,
10,adami-ke,адами-ке,адами-ке,man-PL,адами<NOUN>><pl>,66881,
10,b=aq'aš̄-u,б=акъащ-у,б=акъащ-у,HPL=hide.PST-CONV,,,
10,ba=k'.-a-da,ба=кIв-а-да,ба=кIв-а-да,HPL=be.PST-CONV-COP,,,
10,iš-ald-a-qi,иш-алд-а-хъи,иш-алд-а-хъи,house-PL-OBLPL-AD,иш<NOUN>><pl>><obl>><ad>,70093,abs
11,suramu,сураму,сураму,hard,сураму<ADJ>,72433,
11,zamana,замана,замана,time,замана<NOUN>,69643,
11,bu=k'-ir-a-di,б=укIир-а-ди,б=укIир-а-ди,N=be-MASD-OBL-ERG,<n>>вукIир<NOUN>><obl>><erg>,68089,morph
11,Rebdi-d-a-di,гъебди-д-а-ди,гъибди-д-а-ди,Godoberian-PL-OBLPL-ERG,гъибдиди<NOUN>><pl>><obl>><erg>,68568,orph
11,b=aq'aš̄-ida,б=акъащ-ида,б=акъащ-ида,HPL=abduct-HAB,,,
11,ba=k'.-a-da,ба=кIв-а-да,ба=кIв-а-да,HPL=be.PST-COP,,,
11,gurži-di,гуржи-ди,гуржи-ди,Georgian-PL,гуржи<NOUN>><pl>,68406,morph
12,ce=b,це=б,це=б,one=N,це<NUM>><n>,,
12,hanq'u-č'u,гьанкъу-чIу,гьанкъу-чIу,house-CONT,гьанкъу<NOUN>><cont>,68784,
12,hinu-ru(-Xu),гьину-ру(-ху),гьину-ру(-ху),inside-EL(-TRANS),,,
12,ha-rdu-ra,гьа-рду-ра,гьа-рду-ра,this-OBL.HPL-AFF,гьа<PRON>><obl><h><pl>><aff>,,
12,anł-a-da,анлъ-а-да,анлъ-а-да,hear.PST-CONV-COP,,,
12,adami-k-e:-Li,адами-к-е̄-лIи,адами-к-е̄-лIи,man-PL-OBLPL-GEN,адами<NOUN>><pl>><obl>><gen>,66881,
12,Xabar,хабар,ххабар,talk,ххабар<NOUN>,73062,orph
13,hanq'u-Li,гьанкъу-лIи,гьанкъу-лIи,house-GEN,гьанкъу<NOUN>><gen>,68784,
13,hinc̄-abe,гьинцц-а-бе,гьинцц-а-бе,door-PL,гьинццу<NOUN>><obl>><pl>,69038,
13,hingur-abe,гьингур-а-бе,гьингур-а-бе,window-PL,гьингур<NOUN>><obl>><pl>,69017,morph
13,r=eš̄a=r,ре=ща=р,ре=ща=р,NPL=tight=NPL,<n><pl>>вощав<ADJ>><n><pl>,67691,
13,ĩh-u,иᵸгь-у,иᵸгь-у,do.PST-CONV,,,
13,hiš̄-u,гьищ-у,гьищ-у,shut.PST-CONV,,,
13,ru=k'-a-da,ру=кI-а-да,ру=кI-а-да,NPL=be.PST-CONV-COP,,,
13,hinu,гьину,гьину,inside,,,
13,b=aʔ-ič'i-bu-c̄imu,б=а-ичIи-бу-цциму,б=а-ичIи-бу-цциму,HPL=enter-NEG-PART-GOAL,,,
13,adami,адами,адами,man/people,адами<NOUN>,66881,
14,hinu,гьину,гьину,inside,,,
14,ma=n-i,ма=н-и,ма=н-и,HPL=go-INF,,,
14,musa,муса,муса,place,муса<NOUN>,71557,
14,b=ac'-inč'-o-wq'aLi,б=ацI-инчI-о-вкъалIи,б=ацI-инчI-о-вкъалIи,N=find.PST-NEG-CONV-WHEN,,,
14,ho=b=e,гьо=б=е,гьо=б=е,he=HPL=PL,гьо<PRON>><h><pl>,,
14,hila,гьила,гьила,upstairs,,,
14,b=aXid-u-da,б=ахид-у-да,б=ахид-у-да,HPL=go.up.PST-CONV-COP,,,
14,lamur-a,ламур-а,ламур-а,roof-IN,ламур<NOUN>><in>,,morph
15,s̄e=b=a,ссе=б=а,ссе=б=а,formerly=N,,,
15,hanq'u-Li,гьанкъу-лIи,гьанкъу-лIи,house-INTER,гьанкъу<NOUN>><inter>,68784,
15,hinu,гьину,гьину,in,,,
15,bu=k'-ida,бу=кI-ида,бу=кI-ида,N=be-HAB,,,
15,bu=k'-a-da,бу=кI-а-да,бу=кI-а-да,N=be.PST-CONV-COP,,,
15,tãwXa,таᵸвха,тавуᵸха,fireplace,тавуᵸха<NOUN>,72578,orph
16,ho-rdu-di,гьо-рду-ди,гьо-рду-ди,he-OBL.HPL-ERG,гьо<PRON>><obl><h><pl>><erg>,,
16,tãwXa-qi,таᵸвха-хъи,тавуᵸха-хъи,fireplace-AD,тавуᵸха<NOUN>><ad>,72578,orph
16,hinu-Xu,гьину-ху,гьину-ху,inside-ALL,,,
16,hant'uk'yarik̄-u-da,гьантIукI'арикк-у-да,гьантIукI'арикк-у-да,listen.PST-CONV-COP,,,
16,e=b=e-waqi,э=б=е-вахъи,э=б=е-вахъи,who=HPL-UPT,э<PRON>><h><pl>><upt>,,part
16,hinu,гьину,гьину,inside,,,
16,ida-L'u,ида-кьу,ида-кьу,be.PRS-CIT,,,
17,musa-di,муса-ди,муса-ди,Musa-ERG,муса<NOUN>><erg>,,abs
17,hiL'-u-da,гьикь-у-да,гьикь-у-да,say.PST-CONV-COP,,,
17,ži=w,жи=в,жи=в,self=M,жи<PRON>><m>,,
17,hinu-wa,гьину-ва,гьину-ва,inside-EPT,,,
17,k'yanc'-ata,кI'анцI-ата,кI'анцI-ата,jump-PRS,,,
17,hinu-s̄u,гьину-ссу,гьину-ссу,inside-ATTR,гьинуссу<ADJ>,69035,
17,adami-ke,адами-ке,адами-ке,man-PL,адами<NOUN>><pl>,66881,
17,qam-i(-L'u),хъам-и(-кьу),хъам-и(-кьу),abduct-INF(-CIT),,,
18,ʕalik'ya-di,гIаликI'а-ди,гIаликI'а-ди,Alikja-ERG,гIаликI'а<NOUN>><erg>,,abs
18,hiL'-u-da,гьикь-у-да,гьикь-у-да,say.PST-CONV-COP,,,
18,ži=w=wa,жи=в=ва,жи=в=ва,self=M=EPT,жи<PRON>><m>><ept>,,part
18,k'yanc'-ata-L'u,кI'анцI-ата-кьу,кI'анцI-ата-кьу,jump-PRS-CIT,,,
19,musa,муса,муса,Musa,муса<NOUN>,,
19,ži=w=wa,жи=в=ва,жи=в=ва,self=M=EPT,жи<PRON>><m>><ept>,,part
19,k'yanc'-i-Li-ba:-L'u-la,кI'анцI-и-лIи-ба̄-кьу-ла,кI'анцI-и-лIи-ба̄-кьу-ла,jump-INF-FUT-PART.EPT-CIT-AND,,,
19,hiL'-u,гьикь-у,гьикь-у,say.PST-CONV,,,
19,hiL'i,гьикьи,гьикьи,down,,,
19,k'yanc'-u-da,кI'анцI-у-да,кI'анцI-у-да,jump.PST-CONV-COP,,,
19,tãwXa-qi,таᵸвха-хъи,тавуᵸха-хъи,fireplace-AD,тавуᵸха<NOUN>><ad>,72578,orph
20,ʕalik'ya-di,гIаликI'а-ди,гIаликI'а-ди,Alikja-ERG,гIаликI'а<NOUN>><erg>,,abs
20,hant'uk'yarik̄-u-da,гьантIукI'арикк-у-да,гьантIукI'арикк-у-да,listen.PST-CONV-COP,,,
20,hinu-Xu,гьину-ху,гьину-ху,inside-ALL,,,
20,tãwXa-qi,таᵸвха-хъи,тавуᵸха-хъи,fireplace-AD,тавуᵸха<NOUN>><ad>,72578,orph
21,ʕalik'ya-ra,гIаликI'а-ра,гIаликI'а-ра,Alikja-AFF,гIаликI'а<NOUN>><aff>,,abs
21,anł-at-a,анлъ-ат-а,анлъ-ат-а,hear-PRS-CONV,,,
21,bu=k'-a-da,бу=кI-а-да,бу=кI-а-да,N=be.PST-CONV-COP,,,
21,musa-la,муса-ла,муса-ла,Musa-AND,муса<NOUN>><and>,,
21,gurži-di-la,гуржи-ди-ла,гуржи-ди-ла,Georgian-PL-AND,гуржи<NOUN>><pl>><and>,68406,morph
21,req.a,рехъва,рехъва,fight.PST,,,
22,ho-š̄u-ra,гьо-щу-ра,гьо-щу-ра,he-OBL.M-AFF,гьо<PRON>><obl><m>><aff>,,
22,anł-a-da,анлъ-а-да,анлъ-а-да,hear.PST-CONV-COP,,,
22,musa-Li,муса-лIи,муса-лIи,Musa-GEN,муса<NOUN>><gen>,,abs
22,zigyari,зиг'ари,зиг'ари,groan,зиг'ари<NOUN>,69690,
23,ʕalik'ya,гIаликI'а,гIаликI'а,Alikja,гIаликI'а<NOUN>,,abs
23,b=uš̄-u,б=ущ-у,б=ущ-у,N=pull.out.PST-CONV,,,
23,X̄anžar-lałi,хханжар-лалъи,хханжар-лалъи,dagger-COMIT,хханжар<NOUN>><comit>,73094,
23,tãwxa-qi,таᵸвха-хъи,тавуᵸха-хъи,fireplace-AD,тавуᵸха<NOUN>><ad>,72578,orph
23,hinu,гьину,гьину,inside,,,
23,k'yanc'-u-da,кI'анцI-у-да,кI'анцI-у-да,jump.PST-CONV-COP,,,
23,musa-łi,муса-лъи,муса-лъи,Musa-DAT,муса<NOUN>><dat>,,abs
23,kumak-i-łi,кумаки-лъи,кумаки-лъи,aid-OBL-DAT,кумаки<NOUN>><dat>,70298,
24,hinu,гьину,гьину,inside,,,
24,k'yanc'i-wq'aLi,кI'анцIи-вкъалIи,кI'анцIи-вкъалIи,jump.PST-WHEN,,,
24,ʕalik'ya-ra,гIаликI'а-ра,гIаликI'а-ра,Alikja-AFF,гIаликI'а<NOUN>><aff>,,abs
24,garam,гарам,гарам,no.one,,,
24,dãj,даᵸй,даᵸй,thing,даᵸйи<NOUN>,69423,apoc
24,haʔ-at-a,гьа-ат-а,гьа-ат-а,see-PRS-CONV,,,
24,bu=k'-ič'-a-da,бу=кI-ичI-а-да,бу=кI-ичI-а-да,N=be.PST-NEG-CONV-COP,,,
25,ʕalik'ya-di,гIаликI'а-ди,гIаликI'а-ди,Alikja-ERG,гIаликI'а<NOUN>><erg>,,abs
25,tãwxa-Li,таᵸвха-лIи,тавуᵸха-лIи,fireplace-INTER,тавуᵸха<NOUN>><inter>,72578,orph
25,hinu,гьину,гьину,inside,,,
25,ru=k'a-bu,ру=кIа-бу,ру=кIа-бу,NPL=be.PST-PART,,,
25,habu-be,гьабу-бе,гьабу-бе,coal-PL,гьабу<NOUN>><pl>,68651,
25,milla-la,милла-ла,милла-ла,foot-AND,милла<NOUN>><and>,71439,
25,k̄.ann-u,ккванн-у,ккванн-у,hit.PST-CONV,,,
25,hanq'u-qi,гьанкъу-хъи,гьанкъу-хъи,house-AD,гьанкъу<NOUN>><ad>,68784,
25,š̄id-al-u-da,щид-ал-у-да,щид-ал-у-да,crumble-CAUS.PST-CONV-COP,,,
26,ho-š̄u-ra,гьо-щу-ра,гьо-щу-ра,he-OBL.M-AFF,гьо<PRON>><obl><m>><aff>,,
26,haʔ-a-da,гьа-а-да,гьа-а-да,see.PST-CONV-COP,,,
26,k'e-da,кIе-да,кIе-да,two-CARD,кIе<NUM>><card>,,
26,guržija=w,гуржийа=в,гуржийа=в,Georgian=M,гуржийав<NOUN>><m>,68404,
26,k̄.ann-u,кканн-у,кканн-у,kill.PST-CONV,,,
26,k'e-da,кIе-да,кIе-да,two-CARD,кIе<NUM>><card>,,
26,musa-łi,муса-лъи,муса-лъи,Musa-DAT,муса<NOUN>><dat>,,abs
26,req.a,рехъа,рехъа,fight.PST,,,
27,ʕalik'ya-di,гIаликI'а-ди,гIаликI'а-ди,Alikja-ERG,гIаликI'а<NOUN>><erg>,,abs
27,musa-łi,муса-лъи,муса-лъи,Musa-DAT,муса<NOUN>><dat>,,abs
27,kumak-i-łi-la,кумаки-лъи-ла,кумаки-лъи-ла,aid-OBL-DAT-AND,кумаки<NOUN>><dat>><and>,70298,
27,wu=L-u,ву=лI-у,ву=лI-у,M=become.PST-CONV,,,
27,ce=w,це=в,це=в,one=M,це<NUM>><m>,,
27,guržija=w,гуржийа=в,гуржийа=в,Georgian=M,гуржийав<NOUN>><m>,68404,
27,k̄.ann-u-da,кканн-у-да,кканн-у-да,kill.PST-CONV-COP,,,
28,ce=w,це=в,це=в,one=M,це<NUM>><m>,,
28,č̄ar-u-da,ччар-у-да,ччар-у-да,run.away.PST-CONV-COP,,,
28,is̄ira,иссира,иссира,outward,,,
28,adami-ke,адами-ке,адами-ке,man-PL,адами<NOUN>><pl>,66881,
28,b=al-i,б=ал-и,б=ал-и,HPL=call-INF,,,
29,musa-di,муса-ди,муса-ди,Musa-ERG,муса<NOUN>><erg>,,abs
29,ʕalik'ya-qi,гIаликI'а-хъи,гIаликI'а-хъи,Alikja-AD,гIаликI'а<NOUN>><ad>,,abs
29,hiL'-u-da,гьикь-у-да,гьикь-у-да,say.PST-CONV-COP,,,
29,ži=w,жи=в,жи=в,self=M,жи<PRON>><m>,,
29,q'era-ła,къера-лъа,къера-лъа,wound-EPT,,,
29,ĩh-i,иᵸгь-и,иᵸгь-и,do.PST,,,
29,in-š̄u-łi,ин-щу-лъи,ин-щу-лъи,self.OBL-OBL.M-DAT,жи<PRON>><obl><m>><dat>,,
29,kumaki,кумаки,кумаки,aid,кумаки<NOUN>,70298,
29,ĩh-a:-L'u,иᵸгь-а̄-кьу,иᵸгь-а̄-кьу,do-IMP.EPT-CIT,,,
30,ʕalik'ya-di,гIаликI'а-ди,гIаликI'а-ди,Alikja-ERG,гIаликI'а<NOUN>><erg>,,abs
30,musa,муса,муса,Musa,муса<NOUN>,,
30,muRul-a-Li-la,мугъул-а-лIи-ла,мугъул-а-лIи-ла,back-OBL-INTER-AND,мугъул<NOUN>><obl>><inter>><and>,71509,
30,k̄.ann-u,ккванн-у,ккванн-у,fasten.PST-CONV,,,
30,is̄ira,иссира,иссира,outward,,,
30,w=oč-an-da,в=оч-ан-да,в=оч-ан-да,M=carry.out.PST-CONV-COP,,,
31,is̄ira-ru,иссира-ру,иссира-ру,outward-EL,,,
31,kyarti-qi,к'арти-хъи,к'арти-хъи,fence-AD,к'арти<NOUN>><ad>,,
31,hilya-riL'i,гьил'а-рикьи,гьил'а-рикьи,above-TRANS,,,
31,huda=b,гьуда=б,гьуда=б,that=N,гьудо<PRON>><n>,,
31,is-a-qi,ис-а-хъи,ис-а-хъи,side-OBL-AD,ис<NOUN>><obl>><ad>,70035,abs
31,w=oč-ant-a-wq'aLi,в=оч-ант-а-вкъалIи,в=оч-ант-а-вкъалIи,M=carry.out-PRS-CONV-WHEN,,,
31,musa-Li,муса-лIи,муса-лIи,Musa-GEN,муса<NOUN>><gen>,,abs
31,č̄ak̄.-e,ччаккв-е,ччаккв-е,gut-PL,ччакква<NOUN>><pl>,73903,
31,qurqud-a,хъурхъуд-а,хъурхъуд-а,drag.PST-CONV,,,
31,ač̄aqi-ridi,аччахъи-риди,аччахъи-риди,on.the.ground-TRANS,,,
31,ru=k'-a-da,ру=кI-а-да,ру=кI-а-да,NPL=be.PST-CONV-COP,,,
32,ʕalik'ya-di,гIаликI'а-ди,гIаликI'а-ди,Alikja-ERG,гIаликI'а<NOUN>><erg>,,abs
32,musa,муса,муса,Musa,муса<NOUN>,,
32,w=oč-an-da,в=оч-ан-да,в=оч-ан-да,M=carry.PST-CONV-COP,,,
32,hani,гьани,гьани,village,гьани<NOUN>,68773,
32,bak-i-la,бак-и-ла,бак-и-ла,outskirts-OBL-SUPER,бак'а<NOUN>><obl>><sup>,67138,
32,adami-k-e:-ra,адами-к-е̄-ра,адами-к-е̄-ра,man-PL-OBLPL-AFF,адами<NOUN>><pl>><obl>><aff>,66881,
32,haʔ-ič'i-bu-lu,гьа-ичIи-бу-лу,гьа-ичIи-бу-лу,see-NEG-PART-LOC,,,
33,musa,муса,муса,Musa,муса<NOUN>,,
33,w=uč-at-a,в=уч-ат-а,в=уч-ат-а,M=die-PRS-CONV,,,
33,wu=k'-a-da,ву=кI-а-да,ву=кI-а-да,M=be.PST-CONV-COP,,,
34,ho-š̄-ti,гьо-щ-ти,гьо-щ-ти,he-OBL.M-ERG,гьо<PRON>><obl><m>><erg>,,
34,hiL'-u-da,гьикь-у-да,гьикь-у-да,say.PST-CONV-COP,,,
34,ʕalik'ya-qi,гIаликI'а-хъи,гIаликI'а-хъи,Alikja-AD,гIаликI'а<NOUN>><ad>,,abs
35,den,ден,ден,I,ден<PRON>,,
35,hera,гьера,гьера,now,,,
35,k.aXt̄aLi,квахтталIи,квахтталIи,Kwahidatli,квахтталIи<NOUN>,,abs
35,w=ac'-in-qi,в=ацI-ин-хъи,в=ацI-ин-хъи,M=reach-INF-AD,,,
35,iwuč'-a,ивучI-а,ивучI-а,be.PRS.NEG-CONV,,,
35,hera,гьера,гьера,now,,,
35,pajda,пайда,пайда,way.out,пайда<NOUN>,71745,
35,iwuč'-a,ивучI-а,ивучI-а,be.PRS.NEG-CONV,,,
35,iL-i=b,илI-и=б,илI-и=б,we.INCL-OBL=GEN.N,илIе<PRON>><obl>><n><gen>,,
35,ha=w=a,гьа=в=а,гьа=в=а,here=M,,,
35,w=ot-a,в=от-а,в=от-а,M=leave-IMP,,,
35,ži=w=L'u,жи=в=кьу,жи=в=кьу,self=M=CIT,жи<PRON>><m>><cit>,,part
36,ʕalik'ya-di,гIаликI'а-ди,гIаликI'а-ди,Alikja-ERG,гIаликI'а<NOUN>><erg>,,abs
36,ho-š̄u=b,гьо-щу=б,гьо-щу=б,he-OBL.M=GEN.N,гьо<PRON>><obl><m>><gen>,,
36,tumagi,тумаги,тумаги,gun,тумаги<NOUN>,72709,
36,X̄anžar,хханжар,хханжар,dagger,хханжар<NOUN>,73094,
36,caXa=b=a,цаха=б=а,цаха=б=а,away=N,,,
36,b=aX-at-a,б=ах-ат-а,б=ах-ат-а,N=take-PRS-CONV,,,
36,bu=k'-a-da,бу=кI-а-да,бу=кI-а-да,N=be.PST-CONV-COP,,,
37,musa-di,муса-ди,муса-ди,Musa-ERG,муса<NOUN>><erg>,,abs
37,hiL'-u-da,гьикь-у-да,гьикь-у-да,say.PST-CONV-COP,,,
37,tumagi-la,тумаги-ла,тумаги-ла,gun-AND,тумаги<NOUN>><and>,72709,
37,X̄anžar-la,хханжар-ла,хханжар-ла,dagger-AND,хханжар<NOUN>><and>,73094,
37,qazaqi,хъазахъи,хъазахъи,captive,хъазахъи<NOUN>,73185,
37,č'ann-ata-bu,чIанн-ата-бу,чIанн-ата-бу,tie.up-PRS-PART,,,
37,č'ali-la,чIали-ла,чIали-ла,belt-AND,чIали<NOUN>><and>,73959,
37,ži=b=da,жи=б=да,жи=б=да,self=N=EMPH,жи<PRON>><n>><emph>,,
37,b=et-a:-L'u,б=ет-а̄-кьу,б=ет-а̄-кьу,N=leave-IMP.EPT-CIT,,,
38,ha=b,гьа=б,гьа=б,this=N,гьа<PRON>><n>,,
38,t'orda,тIорда,тIорда,UQI,тIорда<PRON>,,
38,dãj,даᵸй,даᵸй,thing,даᵸйи<NOUN>,69423,apoc
38,in-š̄-o-ła,ин-що-лъа,ин-що-лъа,self.OBL-OBL.M-ERG-EPT,жи<PRON>><obl><m><erg>><ept>,,part
38,dawla-łi,давла-лъи,давла-лъи,booty-DAT,давла<NOUN>><dat>,69407,
38,k̄.ank̄.ad-bu,ккванкквад-бу,ккванкквад-бу,kill.many.PST-PART,,,
38,gurži-d-a-č'u-ru,гуржи-д-а-чIу-ру,гуржи-д-а-чIу-ру,Georgian-PL-OBLPL-CONT-EL,гуржи<NOUN>><pl>><obl>><cont>><elat>,68406,morph
38,r=uXi-bu-ła,р=ухи-бу-лъа,р=ухи-бу-лъа,NPL=take.away.PST-PART-EPT,,,
38,ru=k'a-L'u,ру=кIа-кьу,ру=кIа-кьу,NPL=be.PST-CIT,,,
39,ʕalik'ya-di,гIаликI'а-ди,гIаликI'а-ди,Alikja-ERG,гIаликI'а<NOUN>><erg>,,abs
39,t'orda,тIорда,тIорда,UQI,тIорда<PRON>,,
39,dãj-la,даᵸй-ла,даᵸй-ла,thing-AND,даᵸйи<NOUN>><and>,69423,apoc
39,hila,гьила,гьила,above,,,
39,b=et-a,б=ет-а,б=ет-а,N=leave.PST-CONV,,,
39,musa,муса,муса,Musa,муса<NOUN>,,
39,šudo,шудо,шудо,in.the.grave-OBL-IN,,,
39,wu=k'-al-u-da,ву=кI-ал-у-да,ву=кI-ал-у-да,M=be.PST-CAUS-CONV-COP,,,
40,ʕalik'ya,гIаликI'а,гIаликI'а,Alikja,гIаликI'а<NOUN>,,abs
40,huL'a-s̄u,гьукьа-ссу,гьукьа-ссу,thus-ATTR,,,
40,dãj-la,даᵸй-ла,даᵸй-ла,thing-AND,даᵸйи<NOUN>><and>,69423,apoc
40,b=uk̄-u,б=укк-у,б=укк-у,N=happen.PST-CONV,,,
40,k'e-da,кIе-да,кIе-да,two-CARD,кIе<NUM>><card>,,
40,zibu-Li,зибу-лIи,зибу-лIи,day-INTER,зибу<NOUN>><inter>,69684,
40,w=aq'aš̄-u,в=акъащ-у,в=акъащ-у,M=hide.PST-CONV,,,
40,wu=k'-a-da,ву=кI-а-да,ву=кI-а-да,M=be.PST-CONV-COP,,,
40,guržija-rdu-ra,гуржийа-рду-ра,гуржийа-рду-ра,Georgian-OBL.HPL-AFF,гуржийал<NOUN>><obl><h><pl>><aff>,68406,
40,haʔ-ič'i-bu-łu,гьа-ичIи-бу-лъу,гьа-ичIи-бу-лъу,see-NEG-PART-LOC,,,
41,łabu-łi,лъабу-лъи,лъабу-лъи,three-ORD,лъабу<NUM>><ord>,,
41,zibu-Li,зибу-лIи,зибу-лIи,day-GEN,зибу<NOUN>><gen>,69684,
41,reładi,релъади,релъади,by.night,релъа<NOUN>><erg>,72154,
41,ʕalik'ya,гIаликI'а,гIаликI'а,Alikja,гIаликI'а<NOUN>,,abs
41,is̄ira,иссира,иссира,outward,,,
41,wu=L-u-da,ву=лI-у-да,ву=лI-у-да,M=become.PST-CONV-COP,,,
41,w=aq'aš̄i-bu-łu-ru,в=акъащи-бу-лъу-ру,в=акъащи-бу-лъу-ру,M=hide.PST-PART-LOC-EL,,,
42,ho=w,гьо=в,гьо=в,he=M,гьо<PRON>><m>,,
42,urR-an-da,ургъ-ан-да,ургъ-ан-да,think.PST-CONV-COP,,,
42,ha=w=a-ru,гьа=в=а-ру,гьа=в=а-ру,here=M=EL,,,
42,dawla-la,давла-ла,давла-ла,booty-AND,давла<NOUN>><and>,69407,
42,iwuč'-a,ивучI-а,ивучI-а,be.PRS.NEG-CONV,,,
42,wu=n-ič̄-aL'u,ву=н-ичч-акьу,ву=н-ичч-акьу,M=go-FUT.DEF.NEG-CIT,,,
43,ho=w,гьо=в,гьо=в,he=M,гьо<PRON>><m>,,
43,han-Li-riL'i,гьан-лIи-рикьи,гьан-лIи-рикьи,village-INTER-TRANS,гьани<NOUN>><inter>><translat>,68773,morph
43,wu=n-aL-a-wq'aLi,ву=н-алI-а-вкъалIи,ву=н-алI-а-вкъалIи,M=go-PRS-CONV-WHEN,,,
43,X̄.ani-č'u,ххвани-чIу,ххвани-чIу,horse-CONT,ххвани<NOUN>><cont>,73118,
43,hilya-la,гьил'а-ла,гьил'а-ла,above-AND,,,
43,hank'-u,гьанкI-у,гьанкI-у,sit.down.PST-CONV,,,
43,t'orda,тIорда,тIорда,UQI,тIорда<PRON>,,
43,hingur-abe,гьингур-а-бе,гьингур-а-бе,window-PL,гьингур<NOUN>><obl>><pl>,69017,morph
43,hinc̄-abe,гьинцц-а-бе,гьинцц-а-бе,door-PL,гьинццу<NOUN>><obl>><pl>,69038,
43,hiš̄-u,гьищ-у,гьищ-у,close.PST-CONV,,,
43,ru=k'-a-da,ру=кI-а-да,ру=кI-а-да,NPL=be.PST-CONV-COP,,,
43,adami,адами,адами,man,адами<NOUN>,66881,
43,is̄ira,иссира,иссира,outward,,,
43,ba=k'-uč'-a-da,ба=кI-учI-а-да,ба=кI-учI-а-да,HPL=be.PST-NEG-CONV-COP,,,
44,t'orda,тIорда,тIорда,UQI,тIорда<PRON>,,
44,iš-ald-a-qi,иш-алд-а-хъи,иш-алд-а-хъи,house-PL-OBLPL-AD,иш<NOUN>><pl>><obl>><ad>,70093,abs
44,b=aq'aš̄-u,б=акъащ-у,б=акъащ-у,HPL=hide.PST-CONV,,,
44,ba=k'.-a-da,ба=кIв-а-да,ба=кIв-а-да,HPL=be.PST-CONV-COP,,,
45,ce=b,це=б,це=б,one=N,це<NUM>><n>,,
45,musula-qi,мусула-хъи,мусула-хъи,place-AD,мусула<NOUN>><ad>,71557,abs
45,mak'i,макIи,макIи,child,макIи<NOUN>,71292,
45,bu=k'-a-da,бу=кI-а-да,бу=кI-а-да,N=be.PST-CONV-COP,,,
45,anł-at-a,анлъ-ат-а,анлъ-ат-а,hear-PRS-CONV,,,
45,qad-a,хъад-а,хъад-а,cry-AP.CONV,,,
46,ho-š̄-ti,гьо-щ-ти,гьо-щ-ти,he-OBL.M-ERG,гьо<PRON>><obl><m>><erg>,,
46,hingur-a-č'u,гьингур-а-чIу,гьингур-а-чIу,window-OBL-CONT,гьингур<NOUN>><obl>><cont>,69017,
46,hiL'i-la,гьикьи-ла,гьикьи-ла,under-AND,,,
46,wu=L-u,ву=лI-у,ву=лI-у,M=become.PST-CONV,,,
46,hant'uk'yarik̄-u-da,гьантIукI'арикк-у-да,гьантIукI'арикк-у-да,listen.PST-CONV-COP,,,
47,hũj,гьуᵸй,гьуᵸй,there,,,
47,iši-ruXu,иши-руху,иши-руху,in.the.room-TRANS,,,
47,ho-š̄u-ra,гьо-щу-ра,гьо-щу-ра,he-OBL.M-AFF,гьо<PRON>><obl><m>><aff>,,
47,anł-a-da,анлъ-а-да,анлъ-а-да,hear.PST-CONV-COP,,,
47,il-u-di,ил-у-ди,ил-у-ди,mother-OBL-ERG,ила<NOUN>><obl>><erg>,69813,
47,mak'i-qi,макIи-хъи,макIи-хъи,child-AD,макIи<NOUN>><ad>,71292,
47,hiL'-at-a,гьикь-ат-а,гьикь-ат-а,say-PRS-CONV,,,
48,qad-a-bu,хъад-а-бу,хъад-а-бу,cry-AP-PART,,,
48,w=uR-i,в=угъ-и,в=угъ-и,M=stop-IMP,,,
48,w=uR-ič'-a-łara,в=угъ-ичI-а-лъара,в=угъ-ичI-а-лъара,M=stop.PST-NEG-CONV-IF,,,
48,den,ден,ден,I.ERG,ден<PRON><erg>,,
48,min,мин,мин,you,мин<PRON>,,
48,lek'i-łi-wa,лекIи-лъи-ва,лекIи-лъи-ва,Avarian-DAT-EPT,лекIи<NOUN>><dat>><ept>,,"abs, ept"
48,ik-i-Li-bu-wa:-L'u,ик-и-лIи-бу-ва̄-кьу,ик-и-лIи-бу-ва̄-кьу,give-INF-FUT-PART-EPT-CIT,,,
49,mak'i,макIи,макIи,child,макIи<NOUN>,71292,
49,qad-a-bu,хъад-а-бу,хъад-а-бу,cry-AP-PART,,,
49,b=iR-ič'-a-da,б=игъ-ичI-а-да,б=игъ-ичI-а-да,N=stop.PST-NEG-CONV-COP,,,
50,b=iR-ič'-o-wq'aLi,б=игъ-ичI-о-вкъалIи,б=игъ-ичI-о-вкъалIи,N=stop.PST-NEG-CONV-WHEN,,,
50,il-u-di,ил-у-ди,ил-у-ди,mother-OBL-ERG,ила<NOUN>><obl>><erg>,69813,
50,hingur-la,гьингур-ла,гьингур-ла,window-AND,гьингур<NOUN>><and>,69017,
50,X.ab-u,хваб-у,хваб-у,open.PST-CONV,,,
50,hingur-a-qi,гьингур-а-хъи,гьингур-а-хъи,window-OBL-AD,гьингур<NOUN>><obl>><ad>,69017,
50,is̄ira-Xu,иссира-ху,иссира-ху,outward-ALL,,,
50,mak'i-la,макIи-ла,макIи-ла,child-AND,макIи<NOUN>><and>,71292,
50,b=uX̄-al-u,б=ухх-ал-у,б=ухх-ал-у,N=lean.out-CAUS.PST-CONV,,,
50,hiL'-u-da,гьикь-у-да,гьикь-у-да,say.PST-CONV-COP,,,
51,g.a,гва,гва,hey,,,
51,lek'i,лекIи,лекIи,Avarian,лекIи<NOUN>,,abs
51,caXa=w=a,цаха=в=а,цаха=в=а,away=M,,,
51,w=oč-a,в=оч-а,в=оч-а,M=take.away-IMP,,,
51,ha=w,гьа=в,гьа=в,this=M,гьа<PRON>><m>,,
51,mak'i,макIи,макIи,child,макIи<NOUN>,71292,
52,hiL'i,гьикьи,гьикьи,below,,,
52,wu=k'a-bu,ву=кIа-бу,ву=кIа-бу,M=be.PST-PART,,,
52,ʕalik'ya-di,гIаликI'а-ди,гIаликI'а-ди,Alikja-ERG,гIаликI'а<NOUN>><erg>,,abs
52,mak'i,макIи,макIи,child,макIи<NOUN>,71292,
52,il-u-č'u,ил-у-чIу,ил-у-чIу,mother-OBL-CONT,ила<NOUN>><obl>><cont>,69813,
52,k.adu-ru,кваду-ру,кваду-ру,in.arms-EL,,,
52,caXa=w=a,цаха=в=а,цаха=в=а,away-M,,,
52,qam-u-da,хъам-у-да,хъам-у-да,steal.PST-CONV-COP,,,
53,ʕalik'ya,гIаликI'а,гIаликI'а,Alikja,гIаликI'а<NOUN>,,abs
53,X̄.ani-č'u,ххвани-чIу,ххвани-чIу,horse-CONT,ххвани<NOUN>><cont>,73118,
53,hila-la,гьила-ла,гьила-ла,above-AND,,,
53,w=aXid-u,в=ахид-у,в=ахид-у,M=mount.PST-CONV,,,
53,b=ešt̄-a,б=ештт-а,б=ештт-а,N=let.go.PST-CONV,,,
53,X̄.ani-lałi,ххвани-лалъи,ххвани-лалъи,horse-COMIT,ххвани<NOUN>><comit>,73118,
53,caXa=w=a,цаха=в=а,цаха=в=а,away=M,,,
53,wu=n-a-da,ву=н-а-да,ву=н-а-да,M=go.PST-CONV-COP,,,
54,gurži-di,гуржи-ди,гуржи-ди,Georgian-PL,гуржи<NOUN>><pl>,68406,morph
54,il-u-Li,ил-у-лIи,ил-у-лIи,mother-OBL-GEN,ила<NOUN>><obl>><gen>,69813,
54,aHi-di,ахIи-ди,ахIи-ди,cry-ERG,ахIи<NOUN>><erg>,67039,
54,ʕalik'ya-č'u,гIаликI'а-чIу,гIаликI'а-чIу,Alikja-CONT,гIаликI'а<NOUN>><cont>,,abs
54,b=eXut'u,б=ехутIу,б=ехутIу,HPL=behind,,,
54,ba=L-u-da,ба=лI-у-да,ба=лI-у-да,HPL=become.PST-CONV-COP,,,
55,gurži-d-a-di,гуржи-д-а-ди,гуржи-д-а-ди,Georgian-PL-OBLPL-ERG,гуржи<NOUN>><pl>><obl>><erg>,68406,morph
55,ʕalik'ya,гIаликI'а,гIаликI'а,Alikja,гIаликI'а<NOUN>,,abs
55,raXaL'i,рахакьи,рахакьи,in.the.morning,,,
55,b=eXut'u,б=ехутIу,б=ехутIу,HPL=behind,,,
55,R.am-u,гъвам-у,гъвам-у,touch.PST-CONV,,,
55,w=oqut'u,в=охъутIу,в=охъутIу,M=around,,,
55,w=uk̄-u-da,в=укк-у-да,в=укк-у-да,M=hold.PST-CONV-COP,,,
56,ʕalik'ya-la,гIаликI'а-ла,гIаликI'а-ла,Alikja-AND,гIаликI'а<NOUN>><and>,,abs
56,haL'u-da,гьакьу-да,гьакьу-да,seven-CARD,гьакьу<NUM>><card>,,
56,guržija=w=la,гуржийа=в=ла,гуржийа=в=ла,Georgian=M=AND,гуржийав<NOUN>><m>><and>,68404,
56,req-u-da,рехъ-у-да,рехъ-у-да,fight.PST-CONV-COP,,,
56,X̄anžar-d-a-di,хханжар-д-а-ди,хханжар-д-а-ди,dagger-PL-OBLPL-ERG,хханжар<NOUN>><pl>><obl>><erg>,73094,
57,buʔu-da,буу-да,буу-да,four-CARD,буу<NUM>><card>,,
57,guržija=w,гуржийа=в,гуржийа=в,Georgian=M,гуржийав<NOUN>><m>,68404,
57,k̄.ann-u-da,ккванн-у-да,ккванн-у-да,kill.PST-CONV-COP,,,
57,ʕalik'ya-di,гIаликI'а-ди,гIаликI'а-ди,Alikja-ERG,гIаликI'а<NOUN>><erg>,,abs
58,ho=w=la,гьо=в=ла,гьо=в=ла,he=M=AND,гьо<PRON>><m>><and>,,
58,q'eraĩh-u-da,къераиᵸгь-у-да,къераиᵸгь-у-да,wound.PST-CONV-COP,,,
58,rek-i-Li,рек-и-лIи,рек-и-лIи,belly-OBL-INTER,рек'а<NOUN>><obl>><inter>,72143,
58,X̄anžar,хханжар,хханжар,dagger,хханжар<NOUN>,73094,
58,b=aʔ-a,б=а-а,б=а-а,N=come.PST-CONV,,,
59,ʕalik'ya,гIаликI'а,гIаликI'а,Alikja,гIаликI'а<NOUN>,,abs
59,wu=k'-a-da,ву=кI-а-да,ву=кI-а-да,M=be.PST-CONV-COP,,,
59,čara,чара,чара,fat,чара<ADJ>,73805,
59,q'uwata=w,къувата=в,къубата=в,strong=M,къубатав<ADJ>><m>,70664,orph
59,adami,адами,адами,man,адами<NOUN>,66881,
60,X̄anžar-u-di,хханжар-у-ди,хханжар-у-ди,dagger-OBL-ERG,хханжар<NOUN>><obl>><erg>,73094,
60,hila-s̄u,гьила-ссу,гьила-ссу,above-ATTR,гьилассу<ADJ>,1560,
60,čara-łir-la,чаралъир-ла,чаралъир-ла,fat-MASD-AND,чаралъир<NOUN>><and>,73811,
60,qab-al-u,хъаб-ал-у,хъаб-ал-у,tear-CAUS-CONV,,,
60,č̄ak̄.-e:-Xa,ччаккв-е̄-ха,ччаккв-е̄-ха,gut-OBLPL-APUD,ччакква<NOUN>><pl><obl>><apud>,73903,
60,b=ac'-inč'-a,б=ацI-инчI-а,б=ацI-инчI-а,N=reach.PST-NEG-CONV,,,
60,bu=k'-a-da,бу=кI-а-да,бу=кI-а-да,N=be.PST-CONV-COP,,,
61,ʕalik'ya-Li,гIаликI'а-лIи,гIаликI'а-лIи,Alikja-GEN,гIаликI'а<NOUN>><gen>,,abs
61,čara-łir,чаралъир,чаралъир,fat-MASD,чаралъир<NOUN>,73811,
61,bu=k'-a-da,бу=кI-а-да,бу=кI-а-да,N=be.PST-CONV-COP,,,
61,is̄ira,иссира,иссира,outward,,,
61,b=aʔ-a,б=а-а,б=а-а,N=come.PST-CONV,,,
61,req.a-wq'aLi,рехъва-вкъалIи,рехъва-вкъалIи,fight.PST-WHEN,,,
61,buRaR-a,бугъагъ-а,бугъагъ-а,dangle.PST-AP.CONV,,,
61,k.alk.al,квалквал,квалквал,hinder,квалквал<NOUN>,70189,
61,ĩh-at-a,иᵸгь-ат-а,иᵸгь-ат-а,do-PRS-CONV,,,
61,bu=k'-a-da,бу=кI-а-да,бу=кI-а-да,N=be.PST-CONV-COP,,,
62,ho-š̄-ti,гьо-щ-ти,гьо-щ-ти,he-OBL.M-ERG,гьо<PRON>><obl><m>><erg>,,
62,X̄anžar-u-di,хханжар-у-ди,хханжар-у-ди,dagger-OBL-ERG,хханжар<NOUN>><obl>><erg>,73094,
62,b=uq'-u,б=укъ-у,б=укъ-у,N=cut.PST-CONV,,,
62,b=aX-al-u,б=ах-ал-у,б=ах-ал-у,N=fall-CAUS.PST-CONV,,,
62,čara-łir,чаралъир,чаралъир,fat-MASD,чаралъир<NOUN>,73811,
62,in-š̄u=b=da,ин-щу=б=да,ин-щу=б=да,self.OBL-OBL.M=GEN.N=EMPH,жи<PRON>><obl><m>><gen>><emph>,,
62,am-u,ам-у,ам-у,eat.PST-CONV,,,
62,b=uk̄-an-da,б=укк-ан-да,б=укк-ан-да,N=swallow.PST-CONV-COP,,,
63,gurži,гуржи,гуржи,Georgian,гуржи<NOUN>,68406,abs
63,łib-u,лъиб-у,лъиб-у,frighten.PST-CONV,,,
63,tamaša,тамаша,тамаша,surprise,,,
63,ĩh-u,иᵸгь-у,иᵸгь-у,do.PST-CONV,,,
63,č̄ač̄ad-u-da,ччаччад-у-да,ччаччад-у-да,run.away.PST-CONV-COP,,,
64,ho-š̄-ti,гьо-щ-ти,гьо-щ-ти,he-OBL.M-ERG,гьо<PRON>><obl><m>><erg>,,
64,s̄imi,ссими,ссими,anger,ссими<NOUN>,72524,
64,b=aʔa-bu-š-t̄i,б=аа-бу-ш-тти,б=аа-бу-ш-тти,N=come.PST-PART-OBL.M-ERG,,,
64,ži=b=e-la,жи=бе-ла,жи=бе-ла,self=HPL=PL-AND,жи<PRON>><h><pl>><and>,,
64,am-i-Li-bu-wa,ам-и-лIи-бу-ва,ам-и-лIи-бу-ва,eat-INF-FUT-PART-EPT,,,
64,ida-L'u,ида-кьу,ида-кьу,be.PRS-CIT,,,
65,gurži-di,гуржи-ди,гуржи-ди,Georgian-PL,гуржи<NOUN>><pl>,68406,morph
65,caXa=b=a,цаха=б=а,цаха=б=а,away-HPL,,,
65,č̄ač̄adi--wq'aLi,ччаччади--вкъалIи,ччаччади--вкъалIи,run.away.PST-WHEN,,,
65,ʕalik'ya,гIаликI'а,гIаликI'а,Alikja,гIаликI'а<NOUN>,,abs
65,X̄.ani-č'u,ххвани-чIу,ххвани-чIу,horse-CONT,ххвани<NOUN>><cont>,73118,
65,hila-la,гьила-ла,гьила-ла,above-AND,,,
65,hank'-u,гьанкI-у,гьанкI-у,mount.PST-CONV,,,
65,mak'i-lałi,макIи-лалъи,макIи-лалъи,child-COMIT,макIи<NOUN>><comit>,71292,
65,Ridu,гъиду,гъиду,in.Godoberi,гъиду<NOUN>,68568,abs
65,išqa-wa-da,ишхъа-ва-да,ишхъа-ва-да,home-EPT-COP,,,
65,w=aʔ-a,в=а-а,в=а-а,M=go.PST-CONV,,,
